id,original_miniatura,sha256_miniatura,miniatura_web,asset_principal,estat,descripcio,ample_asset_px,alt_asset_px,bytes_asset,sha256_asset,url_font
01,Imatge-de-WhatsApp-2024-06-25-a-les-12.48.12_407a5dd0-qu78w834utgt4h81r9g2etyx3mdknwrvlh9upe4t3q.jpg,32ce76e354379bd3cd413b2a597bbc8c0105fd9d76f4304d171fb773cce28e4d,miniatures-web/projectes/persianes-negoci/persianes-negoci-facana-01.jpg,projectes/persianes-negoci/persianes-negoci-facana-01.jpg,candidata,Vista general de les persianes del negoci,1600,1200,351469,97ecda3f868e90f491ffaf1ad25d3f729ab686f3ed2a0b07822976e8f6806aac,https://www.serralleriacarbo.com/wp-content/uploads/2024/09/Imatge-de-WhatsApp-2024-06-25-a-les-12.48.12_407a5dd0.jpg
02,Imatge-de-WhatsApp-2024-06-25-a-les-12.48.12_7d6b0eaa-qu78w67gh5e8h9as28mt9ufzwumu8ikex7yvqu7lg6.jpg,c08f0774a09795c10202ff9880dd39c15ad4d2c658f2790a5df81202bf7c5a87,miniatures-web/projectes/persianes-negoci/persianes-negoci-facana-02.jpg,projectes/persianes-negoci/persianes-negoci-facana-02.jpg,candidata,Vista obliqua de la facana i els accessos,1600,1200,349160,00ba0049b9df1d63187ecf7fc66e81083f567d4b5167152d4629e4660f7fad70,https://www.serralleriacarbo.com/wp-content/uploads/2024/09/Imatge-de-WhatsApp-2024-06-25-a-les-12.48.12_7d6b0eaa.jpg
03,Imatge-de-WhatsApp-2024-06-25-a-les-12.48.13_ab89c190-qu78w90z1ni3g36olruozbqdp08xvlvlxlxc6o3exi.jpg,d9b95b32f5265d90818506084339f7f9cd77b48a56f5033da17d945a203eb154,miniatures-web/projectes/persianes-negoci/persianes-negoci-persiana-03.jpg,projectes/persianes-negoci/persianes-negoci-persiana-03.jpg,candidata,Detall d'una de les persianes,1200,1600,348258,ba376dffbd958e9ceee9aad0463cb71e8ac9459ef277f94171538f0c1eae3725,https://www.serralleriacarbo.com/wp-content/uploads/2024/09/Imatge-de-WhatsApp-2024-06-25-a-les-12.48.13_ab89c190.jpg
04,Imatge-de-WhatsApp-2024-06-25-a-les-12.48.53_74b5bf5a-qu78q6yf037kmjzfz5l8wurfvm3s9ttvrmkouh2r12.jpg,065d83609a9be6c3cf1f5ecbf84b3887c31593933e68c63775ee5883a4f268d9,miniatures-web/projectes/estructura-ascensor/estructura-ascensor-pati-01.jpg,projectes/estructura-ascensor/estructura-ascensor-pati-01.jpg,candidata,Estructura d'ascensor vista des de dalt,1200,1600,285024,f7bb06fdb4b31cddc64c4350a32975fae1f6e0c389ee5bc55946d76ab6c8d670,https://www.serralleriacarbo.com/wp-content/uploads/2024/09/Imatge-de-WhatsApp-2024-06-25-a-les-12.48.53_74b5bf5a.jpg
05,Imatge-de-WhatsApp-2024-06-25-a-les-12.48.53_c06d0238-qu78q7w96x8uy5y2tnzvhciwgzz5hixm3r86br1cuu.jpg,c766129dd9a517a7373e50177c899b28cf1f74f7f13d5ac72a14240e59960e9c,miniatures-web/projectes/estructura-ascensor/estructura-ascensor-pati-02.jpg,projectes/estructura-ascensor/estructura-ascensor-pati-02.jpg,candidata,Estructura d'ascensor i pati interior,1200,1600,217062,7dbd6a13cef99702b3bf2786f936e18a1911e8b8de1c589281ad4fdd4199dcee,https://www.serralleriacarbo.com/wp-content/uploads/2024/09/Imatge-de-WhatsApp-2024-06-25-a-les-12.48.53_c06d0238.jpg
06,Imatge-de-WhatsApp-2024-06-25-a-les-12.48.53_c40e4b26-qu78q8u3dra59rwpo6ei1uad2duip81cfvvnt0zyom.jpg,175b6ea084bf78234691a7c0dc703fcc69ba545341ecdd9d5ba881ae26b54c7e,miniatures-web/projectes/estructura-ascensor/estructura-ascensor-pati-03.jpg,projectes/estructura-ascensor/estructura-ascensor-pati-03.jpg,candidata,Estructura d'ascensor en perspectiva vertical,1200,1600,276062,0b173c989906f90e073ba8d867fc07bccc67bcdb919223725cac3a8ce7d665dd,https://www.serralleriacarbo.com/wp-content/uploads/2024/09/Imatge-de-WhatsApp-2024-06-25-a-les-12.48.53_c40e4b26.jpg
07,Imatge-de-WhatsApp-2024-06-25-a-les-12.48.53_c5921cd7-qu78qaprrfcpwztzd77r6tta95l94m8t456mrkx6c6.jpg,bcbfb091911cb923dfa1d45f1c7d982662492f26527b0bfebd213fbf9cf1cd0f,miniatures-web/projectes/estructura-ascensor/estructura-ascensor-pati-04.jpg,projectes/estructura-ascensor/estructura-ascensor-pati-04.jpg,candidata,Estructura d'ascensor vista general,1200,1600,338501,504aa5741578c6e931fd647abba525bd6c27765028c3a2695ff9449ac13afc55,https://www.serralleriacarbo.com/wp-content/uploads/2024/09/Imatge-de-WhatsApp-2024-06-25-a-les-12.48.53_c5921cd7.jpg
08,Imatge-de-WhatsApp-2024-06-25-a-les-12.51.48_2cf85461-qu78nx6ghi3mkha88o8pdxec73auo5t8gdtg3eg02e.jpg,f5918218151e6cc69ec220bdf4d1cbc9fba863b71e999afd6266fc3c2cb44263,miniatures-web/projectes/gavia-industrial/gavia-industrial-fabricacio-01.jpg,projectes/gavia-industrial/gavia-industrial-fabricacio-01.jpg,candidata,Treball al taller amb una gabia industrial,1200,1600,245175,7a9e5c3f62e6c6baebd5c35da1e99196c717242c42b0d3e57a5725bf8ad61e9b,https://www.serralleriacarbo.com/wp-content/uploads/2024/09/Imatge-de-WhatsApp-2024-06-25-a-les-12.51.48_2cf85461.jpg
09,Imatge-de-WhatsApp-2024-06-25-a-les-12.51.49_d5c584b5-qu78ny4aoc4ww38v36nbyf5ssh67vuwysigxkoelw6.jpg,383c603344bc8271345576dac437d7c73f676d280cb4645d279ebfc0b2f842bf,miniatures-web/projectes/gavia-industrial/gavia-industrial-taller-02.jpg,projectes/gavia-industrial/gavia-industrial-taller-02.jpg,candidata,Gabia industrial al taller,1200,1600,270609,8231930f51dc3fd84590012c3fb69c5a5c033715a88870a25c7998a297e54496,https://www.serralleriacarbo.com/wp-content/uploads/2024/09/Imatge-de-WhatsApp-2024-06-25-a-les-12.51.49_d5c584b5.jpg
10,Imatge-de-WhatsApp-2024-06-25-a-les-12.51.51_4b9a858c-qu78sgqdiobiomonpmxsfs4jk4wpvhuj2vbxljphzq.jpg,440f3478f482e78e1b73a13319ffa0a667ffd4cebc6fb6d279f2922cddf9afae,miniatures-web/projectes/porta-parquing/porta-parquing-interior-01.jpg,projectes/porta-parquing/porta-parquing-interior-01.jpg,candidata,Porta de parquing vista des de l'interior amb operari,1600,1204,323351,50368a3cdce52fe6641090b0e2f4004b56c771f3bb7e7926b6dac828e69d911f,https://www.serralleriacarbo.com/wp-content/uploads/2024/09/Imatge-de-WhatsApp-2024-06-25-a-les-12.51.51_4b9a858c.jpg
11,Imatge-de-WhatsApp-2024-06-25-a-les-12.51.51_99231483-qu78sim1wce3bulxenr1krngqwngaw1zr4mwk3mpna.jpg,13b6ce56c7d78713cd8e4f657148435a7b7882e68d50dd8ef36c078b1578e2b6,miniatures-web/projectes/porta-parquing/porta-parquing-interior-02.jpg,projectes/porta-parquing/porta-parquing-interior-02.jpg,candidata,Porta de parquing en una posicio intermedia,1600,1204,214633,0daf74ca093acf981c852d2600721d4d15f32a1494f4b81e2b5b58fc7957c55b,https://www.serralleriacarbo.com/wp-content/uploads/2024/09/Imatge-de-WhatsApp-2024-06-25-a-les-12.51.51_99231483.jpg
12,Imatge-de-WhatsApp-2024-06-25-a-les-12.51.52_ef777e05-qu78sjjw36fdngkk965o59excaitil5q39ae1dlbh2.jpg,ed1cf5fd97a11af76f7c758caf40f26fb601f4259d3fe4a0a1d87d49b9e08b90,miniatures-web/projectes/porta-parquing/porta-parquing-interior-03.jpg,projectes/porta-parquing/porta-parquing-interior-03.jpg,candidata,Porta de parquing tancada vista des de l'interior,1600,1204,295040,1efaa7ebd8c7d16e7c3d48af865839d37537b6d6597028f5aa0226992d6432f2,https://www.serralleriacarbo.com/wp-content/uploads/2024/09/Imatge-de-WhatsApp-2024-06-25-a-les-12.51.52_ef777e05.jpg
13,Imatge-de-WhatsApp-2024-06-25-a-les-12.54.14_747c595d-qu78nz24v6677p7hxp1yiwx9dv1l3k0p4n4f1yd7py.jpg,82998428c43aa6290415f304b842dcf63d58ff7b2ea9b233545dc104c5966d3b,miniatures-web/projectes/gavia-industrial/gavia-industrial-transport-03.jpg,projectes/gavia-industrial/gavia-industrial-transport-03.jpg,candidata,Gabia industrial carregada al camio,1200,1600,234382,73e4d80a0c82e230fd4bfba165511abff103a3fb598345bb59b3ddfb267a711c,https://www.serralleriacarbo.com/wp-content/uploads/2024/09/Imatge-de-WhatsApp-2024-06-25-a-les-12.54.14_747c595d.jpg
14,Imatge-de-WhatsApp-2024-06-25-a-les-12.55.04_fc524e95-qu78xh7dyv6klreifsy5qil1m476xdqzrol5qo9wt2.jpg,34790199009fd13fb5a3e3293410e716af900b5f506058471bd733d44e18d1af,miniatures-web/projectes/baranes-interior-casa/baranes-interior-escala-01.jpg,projectes/baranes-interior-casa/baranes-interior-escala-01.jpg,candidata,Barana interior d'una escala durant la reforma,1200,1600,179441,faf22063cb176e61ebe2cc9a3ba8e3e12901e9d7582281b1bfdf8f7a246833ac,https://www.serralleriacarbo.com/wp-content/uploads/2024/09/Imatge-de-WhatsApp-2024-06-25-a-les-12.55.04_fc524e95.jpg
15,IMG-20240805-WA0001-qu78hwzktlvoe609b2sigfybkgwfhryyynrrprcjti.jpg,9d9926034b4440fac69cb4f662425e5adb04031fd740dc7c64e89eaa2903fcbc,miniatures-web/projectes/passarella-interior/passarella-interior-vista-frontal-01.jpg,projectes/passarella-interior/passarella-interior-vista-frontal-01.jpg,candidata,Passarella interior vista de front,1500,2000,590940,780bacbda80a3b7a407f8eb360820dd2051ec62b9eb89c985c7e9f2934ef31c0,https://www.serralleriacarbo.com/wp-content/uploads/2024/09/IMG-20240805-WA0001.jpg
16,IMG-20240805-WA0002-qu78hyv979y91dxj03lrlfh8r8n5x66fmx2qob9rh2.jpg,86bcf68fa52a070119c230492ddcea1787154153785c48fb8138dc3e1900b4f9,miniatures-web/projectes/passarella-interior/passarella-interior-vista-lateral-02.jpg,projectes/passarella-interior/passarella-interior-vista-lateral-02.jpg,candidata,Passarella interior amb baranes vista lateral,1500,2000,562190,dbca77beba1df4dbaf7a6a4e3c42ccdafca296500715681073d55b5f14148675,https://www.serralleriacarbo.com/wp-content/uploads/2024/09/IMG-20240805-WA0002.jpg
17,Rectangle-1-1.png,26e185fb3f459e654751bb53a23485b1205313b467677fae49670c34ec462772,,recursos/equip/equip-furgoneta-intervencio.png,recurs,Operari de l'empresa al costat d'una furgoneta,716,441,676905,26e185fb3f459e654751bb53a23485b1205313b467677fae49670c34ec462772,
18,Rectangle-100.png,e55f322d7cb63f7a5a04c2bd198f5de39b73ab84671e979b89a83ebf663e793e,,,descartada,Trepant sobre fusta; no representa clarament serralleria,,,,,
19,Rectangle-19.jpg,13a40ea65fd49e938675be36e2c11d2bb23aa2f3587fab07a6a2087394640153,,recursos/servei/reparacio-persiana-comercial.jpg,recurs,Operari intervenint en una persiana comercial,716,441,368929,13a40ea65fd49e938675be36e2c11d2bb23aa2f3587fab07a6a2087394640153,
20,Rectangle-20.png,13c726f2a0cf8961a458233d9654b3ed40072e6426df27b43667d61c0abac1ad,,pendents-drets/soldadura-muntatge-obra.png,revisar-drets,Operari soldant en una obra; confirmar autoria i cessio d'imatge,1512,472,885269,13c726f2a0cf8961a458233d9654b3ed40072e6426df27b43667d61c0abac1ad,
21,Rectangle-39-2.png,cf9bccc3c77c9e8c584f6d806318662d1feb73e40da3f31da041ee44d0d4ad9c,,pendents-drets/soldadura-espurnes.png,revisar-drets,Soldadura amb espurnes; confirmar autoria i cessio d'imatge,716,441,600741,cf9bccc3c77c9e8c584f6d806318662d1feb73e40da3f31da041ee44d0d4ad9c,
22,Rectangle-39.png,d8bbac12ddd9731270aa774e9f6b99ad501fef20167eadb83c37f698a284588b,,,descartada,Metall incandescent; proces no documentat i potencialment enganyos,,,,,
23,,,,projectes/baranes-interior-casa/baranes-interior-escala-02.jpg,candidata,Segona vista de les baranes interiors durant la reforma,1200,1600,163713,006a75fd995b16763c235dc67ff4d330fac48f3cb50c1868709c2e5ccc8d6083,https://www.serralleriacarbo.com/wp-content/uploads/2024/09/Imatge-de-WhatsApp-2024-06-25-a-les-12.55.05_e774d23b.jpg
