id,asset,media_id,source_url,ample_px,alt_px,bytes,sha256
01,projectes/persianes-negoci/persianes-negoci-facana-01.jpg,430,https://www.serralleriacarbo.com/wp-content/uploads/2024/09/Imatge-de-WhatsApp-2024-06-25-a-les-12.48.12_407a5dd0.jpg,1600,1200,351469,97ecda3f868e90f491ffaf1ad25d3f729ab686f3ed2a0b07822976e8f6806aac
02,projectes/persianes-negoci/persianes-negoci-facana-02.jpg,429,https://www.serralleriacarbo.com/wp-content/uploads/2024/09/Imatge-de-WhatsApp-2024-06-25-a-les-12.48.12_7d6b0eaa.jpg,1600,1200,349160,00ba0049b9df1d63187ecf7fc66e81083f567d4b5167152d4629e4660f7fad70
03,projectes/persianes-negoci/persianes-negoci-persiana-03.jpg,431,https://www.serralleriacarbo.com/wp-content/uploads/2024/09/Imatge-de-WhatsApp-2024-06-25-a-les-12.48.13_ab89c190.jpg,1200,1600,348258,ba376dffbd958e9ceee9aad0463cb71e8ac9459ef277f94171538f0c1eae3725
04,projectes/estructura-ascensor/estructura-ascensor-pati-01.jpg,422,https://www.serralleriacarbo.com/wp-content/uploads/2024/09/Imatge-de-WhatsApp-2024-06-25-a-les-12.48.53_74b5bf5a.jpg,1200,1600,285024,f7bb06fdb4b31cddc64c4350a32975fae1f6e0c389ee5bc55946d76ab6c8d670
05,projectes/estructura-ascensor/estructura-ascensor-pati-02.jpg,423,https://www.serralleriacarbo.com/wp-content/uploads/2024/09/Imatge-de-WhatsApp-2024-06-25-a-les-12.48.53_c06d0238.jpg,1200,1600,217062,7dbd6a13cef99702b3bf2786f936e18a1911e8b8de1c589281ad4fdd4199dcee
06,projectes/estructura-ascensor/estructura-ascensor-pati-03.jpg,424,https://www.serralleriacarbo.com/wp-content/uploads/2024/09/Imatge-de-WhatsApp-2024-06-25-a-les-12.48.53_c40e4b26.jpg,1200,1600,276062,0b173c989906f90e073ba8d867fc07bccc67bcdb919223725cac3a8ce7d665dd
07,projectes/estructura-ascensor/estructura-ascensor-pati-04.jpg,425,https://www.serralleriacarbo.com/wp-content/uploads/2024/09/Imatge-de-WhatsApp-2024-06-25-a-les-12.48.53_c5921cd7.jpg,1200,1600,338501,504aa5741578c6e931fd647abba525bd6c27765028c3a2695ff9449ac13afc55
08,projectes/gavia-industrial/gavia-industrial-fabricacio-01.jpg,418,https://www.serralleriacarbo.com/wp-content/uploads/2024/09/Imatge-de-WhatsApp-2024-06-25-a-les-12.51.48_2cf85461.jpg,1200,1600,245175,7a9e5c3f62e6c6baebd5c35da1e99196c717242c42b0d3e57a5725bf8ad61e9b
09,projectes/gavia-industrial/gavia-industrial-taller-02.jpg,419,https://www.serralleriacarbo.com/wp-content/uploads/2024/09/Imatge-de-WhatsApp-2024-06-25-a-les-12.51.49_d5c584b5.jpg,1200,1600,270609,8231930f51dc3fd84590012c3fb69c5a5c033715a88870a25c7998a297e54496
10,projectes/porta-parquing/porta-parquing-interior-01.jpg,426,https://www.serralleriacarbo.com/wp-content/uploads/2024/09/Imatge-de-WhatsApp-2024-06-25-a-les-12.51.51_4b9a858c.jpg,1600,1204,323351,50368a3cdce52fe6641090b0e2f4004b56c771f3bb7e7926b6dac828e69d911f
11,projectes/porta-parquing/porta-parquing-interior-02.jpg,427,https://www.serralleriacarbo.com/wp-content/uploads/2024/09/Imatge-de-WhatsApp-2024-06-25-a-les-12.51.51_99231483.jpg,1600,1204,214633,0daf74ca093acf981c852d2600721d4d15f32a1494f4b81e2b5b58fc7957c55b
12,projectes/porta-parquing/porta-parquing-interior-03.jpg,428,https://www.serralleriacarbo.com/wp-content/uploads/2024/09/Imatge-de-WhatsApp-2024-06-25-a-les-12.51.52_ef777e05.jpg,1600,1204,295040,1efaa7ebd8c7d16e7c3d48af865839d37537b6d6597028f5aa0226992d6432f2
13,projectes/gavia-industrial/gavia-industrial-transport-03.jpg,420,https://www.serralleriacarbo.com/wp-content/uploads/2024/09/Imatge-de-WhatsApp-2024-06-25-a-les-12.54.14_747c595d.jpg,1200,1600,234382,73e4d80a0c82e230fd4bfba165511abff103a3fb598345bb59b3ddfb267a711c
14,projectes/baranes-interior-casa/baranes-interior-escala-01.jpg,432,https://www.serralleriacarbo.com/wp-content/uploads/2024/09/Imatge-de-WhatsApp-2024-06-25-a-les-12.55.04_fc524e95.jpg,1200,1600,179441,faf22063cb176e61ebe2cc9a3ba8e3e12901e9d7582281b1bfdf8f7a246833ac
15,projectes/passarella-interior/passarella-interior-vista-frontal-01.jpg,416,https://www.serralleriacarbo.com/wp-content/uploads/2024/09/IMG-20240805-WA0001.jpg,1500,2000,590940,780bacbda80a3b7a407f8eb360820dd2051ec62b9eb89c985c7e9f2934ef31c0
16,projectes/passarella-interior/passarella-interior-vista-lateral-02.jpg,417,https://www.serralleriacarbo.com/wp-content/uploads/2024/09/IMG-20240805-WA0002.jpg,1500,2000,562190,dbca77beba1df4dbaf7a6a4e3c42ccdafca296500715681073d55b5f14148675
23,projectes/baranes-interior-casa/baranes-interior-escala-02.jpg,433,https://www.serralleriacarbo.com/wp-content/uploads/2024/09/Imatge-de-WhatsApp-2024-06-25-a-les-12.55.05_e774d23b.jpg,1200,1600,163713,006a75fd995b16763c235dc67ff4d330fac48f3cb50c1868709c2e5ccc8d6083
