num,data,estrelles,te_text,tema,resum
1,2026-06 (aprox.; fa 17 setmanes),1,si,terminis; confiança,Feina de pocs dies que va trigar 5 mesos; promeses setmana rere setmana
2,2026-01 (aprox.; fa 36 setmanes),5,no,,
3,2026-01 (aprox.; fa 37 setmanes),1,no,,
4,2025-09-12,5,si,professionalitat,Perfectes i professionals
5,2025-02-25,4,si,balcó; resolució,Pressupost per arreglar un balcó; edifici amb defectes i solució ràpida
6,2024-08-17,5,si,escala; pressupost lent; qualitat,Escala per a una nau; pressupost lent però qualitat i servei molt bons
7,2024-08-14,5,si,porta; rapidesa; netedat,Reparació de porta: amables; ràpids i net
8,2024-08-12,5,si,porta de pàrquing; avaria; netedat,Avaria de porta de pàrquing; atenció excel·lent
9,2024-07-03,5,si,rapidesa,Problema resolt en menys dies que la competència
10,2024-02-17,5,si,material; tracte; eficiència,Material de primeres marques; tracte cordial (amb foto d'un automatisme)
11,2023-12-07,5,si,qualitat; tracte,Treball impecable i tracte excel·lent
12,2023-11-28,1,si,pany; subcontractació,Problema amb un pany; va venir un subcontractat i no ho va resoldre
13,2023-11-09,5,si,urgència; rapidesa,Urgència atesa molt ràpid
14,2023-11-02,5,si,compliment,Complidors i atents
15,2023-09-29,5,no,,
16,2023-09-28,5,si,servei,Servei excel·lent
17,2023-09-14,5,si,professionalitat,Grans professionals
18,2023-09-12,5,si,portes de pàrquing; rapidesa,4 portes de pàrquing operatives el mateix dia
19,2023-09-12,5,si,rapidesa,Servei bo i ràpid
20,2023-06-30,2,no,,
21,2023-06-16,4,no,,
22,2023-05-22,4,si,comandament de pàrquing,Comandament de pàrquing: en tenien un de codificat a punt
23,2023-04-21,1,si,comandament; conflicte,Comandament que no funcionava i desacord en reparar-lo
24,2022-11-05,1,si,,Valoració negativa sense detall
25,2022-11-04,3,si,trucades; qualitat,No es tornen les trucades; però sempre resolen amb qualitat
26,2022-10-06,5,si,preu; fiabilitat,Econòmics i fiables
27,2022-10-02,5,no,,
28,2022-09-12,5,si,rapidesa; professionalitat,Molt ràpids i professionals
29,2022-08-24,5,no,,
30,2022-03-16,1,si,comandaments; garantia; preu,Comandaments de pàrquing cars que s'espatllen; sense garantia; desplaçament cobrat
31,2022-03-06,5,no,,
32,2022-01-08,3,si,canvi de propietari; facturació,Canvi de propietari; bona feina però factura alta en hores i material
33,2021-08-19,4,si,alumini,Alumini
34,2021-08-18,5,si,professionalitat,Personal i tracte professional
35,2021-04-27,5,no,,
36,2021-03-06,4,si,resolució,Solucions als problemes
37,2021-03-01,4,no,,
38,2021-02-22,1,si,terminis; no presentar-se,Gairebé dos mesos per a una feina petita; no es van presentar el dia acordat
39,2021-01-24,4,no,,
40,2020-12-14,4,si,atenció; oficina,Ben atès; oficials i oficina molt amables
41,2020-10-24,3,si,,Només hi passa per davant
42,2020-10-02,1,si,terminis; trucades,Va haver de trucar diverses vegades; esperes després d'acceptar pressupost i llicència
43,2020-09-28,5,no,,
44,2020-07-13,3,no,,
45,2020-07-01,4,no,,
46,2020-06-17,4,si,preu,Treballen bé però una mica cars
47,2020-06-03,1,no,,
48,2020-03-03,4,no,,
49,2020-02-01,5,no,,
50,2019-12-10,4,no,,
51,2019-12-03,3,no,,
52,2019-11-16,3,si,ofici,Ferrer de tota la vida; treballa bé
53,2019-05-15,5,no,,
54,2018-12-06,4,si,serralleria,Bons serrallers
55,2018-08-19,5,no,,
56,2018-07-09,4,si,,Bé
57,2018-02-09,1,no,,
58,2017-12-21,4,no,,
